Samples0,Samples1,Samples2,Samples3,Conditions,DifferentiationA,DifferentiationB,DifferentiationC,FP,Fp,fP,fp,Fm1,P,FT,Ft,fT,ft,FTtip,Fm2,T,IC,Ic,iC,ic,I,C,CD45CD93,CD45cd93,cd45CD93,cd45cd93,CD45,CD93,CD45H,CD45M,PDGFRABRelax,PDGFRABNormal,PDGFRABStrict,PDGFRA,PDGFRB,CD71,CD41,CD41H,CD41MH,CD41CD71L,CD41CD71LA,CD41cD71,CD71cd41,CD41cd71
Samples0,Samples1,Samples2,Samples3,Conditions,DifferentiationA,DifferentiationB,DifferentiationC,Flk1+ Pdgfra+,Flk1+ Pdgfra-,Flk1- Pdgfra+ (Day4),Flk1- Pdgfra-,Flk1+ (I),Pdgfra+,Flk1+ Tek+,Flk1+ Tek-,Flk1- Tek+,Flk1- Tek-,Flk1+ Tek+ (I),Flk1+ (II),Tek+,Icam2+ Cdh5+,Icam2+ Cdh5-,Icam2- Cdh5+,Icam2- Cdh5-,Icam2+,Cdh5+,CD45+ CD93+,CD45+ CD93-,CD45- CD93+,CD45- CD93-,CD45+,CD93+,CD45+ (II),CD45+ (I),Pdgfra+ Pdgfrab+ (I),Pdgfra+ Pdgfrab+ (II),Pdgfra+ Pdgfrab+ (III),Pdgfra+ (Day7),Pdgfrb+,CD71+,CD41+,CD41+ (I),CD41+ (II),CD41+ CD71+ (L),CD41+ CD71+ (LA),CD41+ CD71,CD71+ CD41-,CD41+ CD71-
,,,,,,,,D4: Flk1/Pdgfra,D4: Flk1/Pdgfra,D4: Flk1/Pdgfra,D4: Flk1/Pdgfra,D4: Flk1/Pdgfra,D4: Flk1/Pdgfra,D4: Flk1/Tek,D4: Flk1/Tek,D4: Flk1/Tek,D4: Flk1/Tek,D4: Flk1/Tek,D4: Flk1/Tek,D4: Flk1/Tek,Day7: Icam2/Cdh5,Day7: Icam2/Cdh5,Day7: Icam2/Cdh5,Day7: Icam2/Cdh5,Day7: Icam2/Cdh5,Day7: Icam2/Cdh5,Day7: CD45/CD93,Day7: CD45/CD93,Day7: CD45/CD93,Day7: CD45/CD93,Day7: CD45/CD93,Day7: CD45/CD93,Day7: CD45/CD93,Day7: CD45/CD93,Day7: Pdgfra/Pdgfrb,Day7: Pdgfra/Pdgfrb,Day7: Pdgfra/Pdgfrb,Day7: Pdgfra/Pdgfrb,Day7: Pdgfra/Pdgfrb,Day7: CD41/CD71,Day7: CD41/CD71,Day7: CD41/CD71,Day7: CD41/CD71,Day7: CD41/CD71,Day7: CD41/CD71,Day7: CD41/CD71,Day7: CD41/CD71,Day7: CD41/CD71
Zfp711_zG8,Zfp711 c1,Zfp711 KO Clone 1,Zfp711 KO c1,Zfp711 KO,Differentiation 1,diff. 1,Diff. 1,35.3,30.7,7.75,26.3,67.8,42.6,10,51.3,3.12,35.5,0.8,61.3,12.6,1.09,0.68,2.07,96.2,1.75,3.1,0.012,2.72,0.61,96.7,2.71,0.62,2.3,0.46,76.6,71.2,52.9,76.8,73.2,NA,12.6,4.3,8.3,NA,NA,NA,NA,NA
Zfp711_zD9,Zfp711 c2,Zfp711 KO Clone 2,Zfp711 KO c2,Zfp711 KO,Differentiation 1,diff. 1,Diff. 1,43,32.4,7.9,16.7,77.6,50.6,13.6,56.8,4.06,25.6,0.91,70.4,16.9,0.84,0.58,2.21,96.4,1.4,2.99,0,2.43,0.24,97.3,2.4,0.24,1.97,0.47,73.5,68.7,49.9,74.4,69.5,NA,12.6,3.6,9.03,NA,NA,NA,NA,NA
Zfp711_zD10,Zfp711 c3,Zfp711 KO Clone 3,Zfp711 KO c3,Zfp711 KO,Differentiation 1,diff. 1,Diff. 1,30.5,38.2,8.59,22.6,71,38.7,13,49.5,5.7,31.8,0.75,62.5,17.8,0.67,0.42,2.51,96.4,1.09,3.14,0.006,2.26,0.39,97.3,2.25,0.4,1.75,0.54,75.3,69.3,54.6,72.6,73.6,NA,11.8,3.45,8.32,NA,NA,NA,NA,NA
Zfp711_zB12,Zfp711 c4,Zfp711 KO Clone 4,Zfp711 KO c4,Zfp711 KO,Differentiation 1,diff. 1,Diff. 1,33.9,43,5.84,17.3,0,39.4,14.2,57.7,2.67,25.4,1.09,71.9,16.2,0.72,0.91,2.72,95.7,1.63,3.3,0.00771,3.97,0.36,95.7,3.97,0.37,3.29,0.72,63.6,57.9,42,63.1,61,NA,18.5,7.24,11.3,NA,NA,NA,NA,NA
Atf3_aB5,Atf3 c1,Atf3 KO Clone 1,Atf3 KO c1,Atf3 KO,Differentiation 1,diff. 1,Diff. 1,37.6,37.3,10.1,15,77.1,47.3,13.9,55.4,4.68,26,0.89,69.3,17.8,0.61,0.53,2.46,96.4,1.13,2.98,0.1,2.53,0.25,97.1,2.62,0.35,1.97,0.67,76.7,72.9,59.3,77.7,74.6,NA,9.88,2.37,7.51,NA,NA,NA,NA,NA
Atf3_aC9,Atf3 c2,Atf3 KO Clone 2,Atf3 KO c2,Atf3 KO,Differentiation 1,diff. 1,Diff. 1,33.6,30.9,10.5,25,66.4,43.8,13,45.8,4.61,36.6,0.93,58.8,16.9,0.98,0.77,2.31,95.9,1.75,3.27,0.054,2.32,0.46,97.2,2.36,0.51,1.58,0.83,72.6,66.4,51.8,70.2,71.5,NA,15.9,4.58,11.4,NA,NA,NA,NA,NA
Atf3_aD4,Atf3 c3,Atf3 KO Clone 3,Atf3 KO c3,Atf3 KO,Differentiation 1,diff. 1,Diff. 1,36.6,33,8.38,22,71.3,44.6,11.6,53.1,3.75,31.5,0.88,64.7,14.7,1.02,0.84,2.18,96,1.85,3.12,0.13,2.19,0.55,97.1,2.3,0.68,1.75,0.59,66.1,62.3,49.6,67.4,63.8,NA,13.2,3.83,9.39,NA,NA,NA,NA,NA
Atf3_aD8,Atf3 c4,Atf3 KO Clone 4,Atf3 KO c4,Atf3 KO,Differentiation 1,diff. 1,Diff. 1,27.6,39,10.6,22.9,68.7,37.8,16.2,44.3,7.73,31.7,1.06,60.5,23,0.74,0.49,2.83,95.9,1.23,3.49,0.22,2.82,0.33,96.6,2.99,0.55,2.33,0.79,77,73.2,61.8,78,74.8,NA,9.98,2.69,7.29,NA,NA,NA,NA,NA
Bcl6b_bA12,Bcl6b c1,Bcl6b KO Clone 1,Bcl6b KO c1,Bcl6b KO,Differentiation 1,diff. 1,Diff. 1,11.1,3.34,20,65.6,15.1,30,13.2,0.056,86.5,0.28,0.13,13.2,99.6,2.38,0.81,0.38,96.4,3.17,2.71,0.027,0.35,0.56,99.1,0.37,0.59,0.23,0.15,21,13.4,2.62,27.7,16.1,NA,3.61,1.17,2.44,NA,NA,NA,NA,NA
Bcl6b_bB7,Bcl6b c2,Bcl6b KO Clone 2,Bcl6b KO c2,Bcl6b KO,Differentiation 1,diff. 1,Diff. 1,34.5,36.7,13,15.8,73.7,47.2,14.7,48.9,6.77,29.5,0.51,63.7,20.7,2.07,0.65,3.22,94.1,2.72,5.18,0.0089,3.78,0.48,95.7,3.77,0.49,3.18,0.64,68.4,64.1,54.3,69.3,66.6,NA,11,2.41,8.63,NA,NA,NA,NA,NA
Bcl6b_bC8,Bcl6b c3,Bcl6b KO Clone 3,Bcl6b KO c3,Bcl6b KO,Differentiation 1,diff. 1,Diff. 1,28.1,39.6,10.5,21.8,69.9,38.2,13.2,49.2,6.05,31.5,0.69,62.4,18.5,1.73,0.36,2.38,95.5,2.1,4.07,0.024,2.3,0.71,97,2.3,0.73,1.77,0.58,78.8,74.4,61.3,78.5,77,NA,6.08,1.65,4.42,NA,NA,NA,NA,NA
Bcl6b_bC3,Bcl6b c4,Bcl6b KO Clone 4,Bcl6b KO c4,Bcl6b KO,Differentiation 1,diff. 1,Diff. 1,33.4,40.8,8.81,16.9,76.5,41.8,11.6,56.2,4.96,27.3,0.56,67.7,15.8,2.17,0.83,4.1,92.9,2.99,6.15,0.021,3.89,0.69,95.4,3.86,0.71,3.13,0.8,66.9,60.2,49,65.1,65,NA,11.6,3.33,8.29,NA,NA,NA,NA,NA
NT_ntZA5,NT c1,NT WT Clone 1,NT WT c1,NT WT,Differentiation 1,diff. 1,Diff. 1,36.1,35,7.43,21.5,72.9,43.2,17.5,49.7,5.06,27.7,0.84,67.2,21.6,1.08,0.63,1.87,96.4,1.7,2.91,0.00939,2.26,0.52,97.2,2.24,0.53,1.79,0.49,72.6,67.5,53.2,71.3,70.7,NA,NA,NA,NA,NA,NA,NA,NA,NA
NT_ntZA3,NT c2,NT WT Clone 2,NT WT c2,NT WT,Differentiation 1,diff. 1,Diff. 1,30.6,38.7,8.02,22.7,71.3,38.3,12,52.1,4.05,31.9,0.65,64.1,15.3,0.5,0.39,2.33,96.8,0.89,2.79,0.032,2.56,0.33,97.1,2.58,0.36,2.23,0.38,62.3,57.1,45.5,61.1,60.8,NA,10.9,3.44,7.43,NA,NA,NA,NA,NA
NT_ntZA2,NT c3,NT WT Clone 3,NT WT c3,NT WT,Differentiation 1,diff. 1,Diff. 1,31.8,36.3,6.79,25.1,69.5,38.2,13.9,51,3.05,32.1,1.21,64.9,16.2,0.7,0.58,2.04,96.7,1.27,2.68,0.016,2.71,0.47,96.8,2.7,0.49,2.2,0.57,62.5,55,34.2,61.2,59.4,NA,16.1,4.14,11.9,NA,NA,NA,NA,NA
NT_ntTA5,NT c4,NT WT Clone 4,NT WT c4,NT WT,Differentiation 1,diff. 1,Diff. 1,28.4,33.4,7.43,30.7,63.4,35.4,10.8,47.9,1.88,39.4,0.88,58.7,12.2,1.15,0.65,2.9,95.3,1.79,3.97,0.013,2.7,0.72,96.6,2.72,0.73,2.15,0.59,51.4,45.4,31.6,50.4,49.5,NA,15.6,5.09,10.5,NA,NA,NA,NA,NA
NT_ntTA4,NT c5,NT WT Clone 5,NT WT c5,NT WT,Differentiation 1,diff. 1,Diff. 1,27.7,38.3,9.55,24.4,67.9,36.9,13.7,47.6,5.01,33.7,0.71,61.3,18,1.21,0.33,2.36,96.1,1.52,3.51,0.021,2.11,0.82,97.1,2.09,0.84,1.63,0.54,71.1,67.1,54.4,70.8,70.1,NA,8.1,2.39,5.71,NA,NA,NA,NA,NA
NT_ntTA1,NT c6,NT WT Clone 6,NT WT c6,NT WT,Differentiation 1,diff. 1,Diff. 1,36.4,34.1,11.8,17.7,72.3,47.8,15.4,50,5.18,29.4,0.68,65.4,19.8,1.79,0.37,2.21,95.6,2.16,3.94,0.065,2.78,1.21,95.9,2.82,1.27,2.37,0.49,68.4,63.3,49.8,68.4,67.2,NA,11.3,2.97,8.37,NA,NA,NA,NA,NA
Zfp711_zG8,Zfp711 c1,Zfp711 KO Clone 1,Zfp711 KO c1,Zfp711 KO,Differentiation 2,diff. 2,Diff. 2,12.6,29.8,18.9,38.7,43.9,30.2,16,30.8,14.7,38.6,2.2,46.7,31.9,0.67,0.61,2.77,95.9,1.33,3.11,0.063,2.9,0.49,96.5,2.94,0.49,2.26,0.72,82.7,77,59.1,82.2,87.9,4.88,3.52,1.85,1.74,6.2,NA,1.82,4.05,NA
Zfp711_zD9,Zfp711 c2,Zfp711 KO Clone 2,Zfp711 KO c2,Zfp711 KO,Differentiation 2,diff. 2,Diff. 2,13.8,29,22.4,34.8,44.4,35,14.7,29.6,16.1,39.6,1.67,44.2,32.8,0.17,0.23,2.8,96.8,0.42,2.74,0.048,4,0.15,95.8,4.04,0.15,3.4,0.65,79.5,74.6,59,80.9,83.3,7.23,6.51,3.51,3.06,9.15,NA,3.31,5.34,NA
Zfp711_zD10,Zfp711 c3,Zfp711 KO Clone 3,Zfp711 KO c3,Zfp711 KO,Differentiation 2,diff. 2,Diff. 2,9.11,25.3,22,43.6,35.7,30,14.3,23.1,19.5,43.1,2.66,37.3,35.4,0.44,0.47,2.76,96.3,0.97,2.95,0.056,3.73,0.48,95.7,3.77,0.52,3.15,0.65,82.9,78.1,64,82.6,87.2,5.94,5.86,3.5,2.43,7.86,NA,3.24,4.13,NA
Zfp711_zB12,Zfp711 c4,Zfp711 KO Clone 4,Zfp711 KO c4,Zfp711 KO,Differentiation 2,diff. 2,Diff. 2,12.1,36.9,16.5,34.5,50.5,27.2,20.4,32.1,12.3,35.1,3.08,52.6,34.5,0.21,0.26,3.02,96.5,0.51,2.99,0.044,3.8,0.36,95.8,3.8,0.36,3.23,0.66,77.9,71.4,53.1,80.4,81.2,6.09,6.32,3.73,2.68,8.43,NA,3.48,4.48,NA
Atf3_aB5,Atf3 c1,Atf3 KO Clone 1,Atf3 KO c1,Atf3 KO,Differentiation 2,diff. 2,Diff. 2,7.54,22.2,28.6,41.7,31.1,35.2,16.3,20.9,19.3,43.5,3.08,37.2,37.2,0.44,0.27,1.75,97.5,0.74,1.92,0.25,2.16,0.36,97.2,2.4,0.57,1.97,0.44,85.2,81,67.8,85.2,88.8,4.67,4.2,2.28,2.03,6.27,NA,2.3,3.58,NA
Atf3_aC9,Atf3 c2,Atf3 KO Clone 2,Atf3 KO c2,Atf3 KO,Differentiation 2,diff. 2,Diff. 2,13.2,30.6,22.1,34.1,45.3,34.1,16.5,26.3,17.7,39.5,2.1,42.8,35.8,0.4,0.49,2.76,96.3,0.95,2.82,0.27,4.7,0.17,94.9,4.96,0.38,3.99,1.01,75.6,71.4,56.9,76.3,79.7,7.35,7.87,4.09,3.97,10.2,NA,4.15,5.3,NA
Atf3_aD4,Atf3 c3,Atf3 KO Clone 3,Atf3 KO c3,Atf3 KO,Differentiation 2,diff. 2,Diff. 2,9.37,24.1,22.7,43.8,35,31,11.2,19.4,20.3,49,1.17,30.7,33.1,0.25,0.28,2.4,97.1,0.57,2.4,0.32,3.49,0.25,95.9,3.74,0.53,2.82,0.98,84.3,81.2,70.2,84.9,86.2,4.64,4.08,1.95,2.21,6.02,NA,1.96,3.67,NA
Atf3_aD8,Atf3 c4,Atf3 KO Clone 4,Atf3 KO c4,Atf3 KO,Differentiation 2,diff. 2,Diff. 2,12.8,26.5,22.5,38.2,40.8,34.3,13.9,21.3,21.5,43.2,1.27,35.3,37.5,0.52,0.42,2.48,96.6,0.97,2.68,0.27,2.64,0.55,96.5,2.89,0.74,2.05,0.88,89,86,75.4,89,90.8,3.2,3.04,1.45,1.62,4.27,NA,1.47,2.48,NA
Bcl6b_bA12,Bcl6b c1,Bcl6b KO Clone 1,Bcl6b KO c1,Bcl6b KO,Differentiation 2,diff. 2,Diff. 2,27.4,38.4,13.4,20.8,67.3,39.4,23.8,42.9,6.54,26.8,1.18,66.7,31.6,1.5,0.85,3.9,93.7,2.48,4.91,0.21,8.76,1.33,89.7,8.93,1.46,7.1,1.91,64.4,58.1,36.5,62.9,69.7,10.7,17.9,9.13,8.96,19,NA,9.66,8.07,NA
Bcl6b_bB7,Bcl6b c2,Bcl6b KO Clone 2,Bcl6b KO c2,Bcl6b KO,Differentiation 2,diff. 2,Diff. 2,7.38,21.6,28.4,42.7,30.4,34.7,16.8,17.6,23.1,42.6,3.2,34.3,41.5,0.81,0.2,2.78,96.2,1.04,3.36,0.35,2.67,0.57,96.4,2.99,0.84,2.44,0.58,87.3,82.8,67.7,89.1,88.7,4.11,3.34,1.7,1.7,5.03,NA,1.59,3.11,NA
Bcl6b_bC8,Bcl6b c3,Bcl6b KO Clone 3,Bcl6b KO c3,Bcl6b KO,Differentiation 2,diff. 2,Diff. 2,11.5,26.7,21.9,39.9,39.7,32,15.3,25.8,17.3,41.7,2.2,41,34,0.63,0.29,3.84,95.2,0.97,4.18,0.1,3.27,0.43,96.2,3.3,0.51,2.33,1.04,84,80.4,67.6,84.7,86.5,4.31,4.25,2.16,2.15,5.83,NA,2.19,3.28,NA
Bcl6b_bC3,Bcl6b c4,Bcl6b KO Clone 4,Bcl6b KO c4,Bcl6b KO,Differentiation 2,diff. 2,Diff. 2,10,30.3,23,36.6,41.8,31.8,19.1,26.5,15.9,38.6,2.46,45.5,36.5,0.76,0.43,3.46,95.3,1.23,3.95,0.17,4.21,0.47,95.1,4.34,0.57,3.32,1.11,77.5,72.2,55.4,79.6,80.1,6.89,5.51,2.78,2.83,8.89,NA,2.82,5.47,NA
NT_ntZA5,NT c1,NT WT Clone 1,NT WT c1,NT WT,Differentiation 2,diff. 2,Diff. 2,11.2,24.4,22.9,41.6,36.9,33.2,15.9,25.6,15.5,43,1.17,41.5,33.2,0.65,0.28,4.78,94.3,1.05,5.09,0.27,6.05,0.58,93.1,6.28,0.8,5.47,0.87,76.2,70.2,52.9,76.7,80.5,3.68,3.77,1.53,2.31,5.01,NA,1.66,3.03,NA
NT_ntZA3,NT c2,NT WT Clone 2,NT WT c2,NT WT,Differentiation 2,diff. 2,Diff. 2,6.4,26.2,21.2,46.3,33.9,26.6,16.9,22,19.9,41.2,2.51,38.9,38.2,0.96,0.59,4.54,93.9,1.61,5.17,0.32,8.35,1.06,90.3,8.65,1.29,7.49,1.21,66.4,60,42.9,69.2,70.2,11.2,11.6,5.71,6.09,14.4,NA,5.52,7.97,NA
NT_ntZA2,NT c3,NT WT Clone 3,NT WT c3,NT WT,Differentiation 2,diff. 2,Diff. 2,7.94,30.6,19.8,41.6,40,26.5,17.4,27.4,17.2,37.9,2.37,44.9,36,0.52,0.34,3.52,95.6,0.92,3.68,0.26,5.2,0.65,93.9,5.45,0.82,4.77,0.71,73.1,67.1,50.8,75.5,77.6,10.5,10.9,6.33,4.69,13.5,NA,5.73,7.08,NA
NT_ntTA5,NT c4,NT WT Clone 4,NT WT c4,NT WT,Differentiation 2,diff. 2,Diff. 2,8.03,32,18.1,41.9,41.5,24.6,18,29.2,15,37.8,1.73,47.2,34.5,0.76,0.62,3.14,95.5,1.42,3.48,0.098,4.45,0.75,94.7,4.52,0.76,3.8,0.77,82.6,77.8,59.4,81.7,86.1,5.99,6.36,3.56,2.91,8.73,NA,3.76,4.49,NA
NT_ntTA4,NT c5,NT WT Clone 5,NT WT c5,NT WT,Differentiation 2,diff. 2,Diff. 2,8.5,29,19.7,42.8,39,26.9,16.4,24.4,18.7,40.5,1.94,40.8,36.9,2.12,0.52,3.84,93.5,2.74,5.47,0.094,4.06,1.19,94.7,4.13,1.2,3.1,1.11,78.1,72.3,52.6,80.6,80.6,6.06,4.6,2.37,2.29,7.61,NA,2.35,4.76,NA
NT_ntTA1,NT c6,NT WT Clone 6,NT WT c6,NT WT,Differentiation 2,diff. 2,Diff. 2,13.9,26.6,21.4,38.1,42,34.4,17.8,26.8,18.8,36.7,2.03,44.5,38,0.72,0.38,2.76,96.1,1.18,3.23,0.085,2.33,0.51,97.1,2.4,0.57,1.82,0.61,76.7,70.7,54.3,76.7,82.8,4.21,3.62,1.39,2.34,5.2,NA,1.37,3.49,NA
Zfp711_zG8,Zfp711 c1,Zfp711 KO Clone 1,Zfp711 KO c1,Zfp711 KO,Differentiation 3,diff. 3,Diff. 3,22.3,29.1,16.7,31.9,52.1,38,12.5,34.8,9.64,43.1,1.47,46.5,25.8,0.13,0.11,4.66,95.1,0.24,4.66,0.35,10.9,0.35,88.4,11.2,0.7,7.16,4.15,49,39.9,24.9,51.1,39.8,18.4,23.6,7.54,15.8,18.8,27.8,4.91,12.8,6.58
Zfp711_zD9,Zfp711 c2,Zfp711 KO Clone 2,Zfp711 KO c2,Zfp711 KO,Differentiation 3,diff. 3,Diff. 3,16.8,33.1,17.5,32.6,50.5,33.4,17.2,30.1,12,40.8,1.63,46.7,32.6,0.28,0.28,5.79,93.7,0.56,5.86,0.43,13.7,0.55,85.3,14,0.98,9.85,4.38,47.2,40,27.3,48.3,42,29.4,36.4,12.3,23.9,30.4,41.6,8.56,20.8,8.83
Zfp711_zD10,Zfp711 c3,Zfp711 KO Clone 3,Zfp711 KO c3,Zfp711 KO,Differentiation 3,diff. 3,Diff. 3,16.7,29.8,12.9,40.6,47,28.6,14.2,33.1,9.49,43.2,1.72,46.7,27.3,0.34,0.22,3.71,95.7,0.56,3.91,0.14,9.14,0.37,90.4,9.27,0.5,5.03,4.39,35.8,29.9,18.9,37.8,30.8,27.8,26.2,6.98,18.9,27.5,33.9,4.18,22.5,5.05
Zfp711_zB12,Zfp711 c4,Zfp711 KO Clone 4,Zfp711 KO c4,Zfp711 KO,Differentiation 3,diff. 3,Diff. 3,19.2,29.9,11.1,39.8,49.8,29.2,12.8,36.2,8.2,42.8,1.63,48.5,24.1,0.23,0.27,3.21,96.3,0.51,3.24,0.42,10.2,0.34,89,10.5,0.76,7.05,3.65,35.4,28.4,16.6,39,29.8,18.4,23.4,7.91,15.5,19.5,28.1,4.71,13.2,7.4
Atf3_aB5,Atf3 c1,Atf3 KO Clone 1,Atf3 KO c1,Atf3 KO,Differentiation 3,diff. 3,Diff. 3,19.6,25.2,16.7,38.5,45.3,35.3,12.5,31.5,12.3,43.8,2.34,43.5,28.1,0.43,0.49,3.54,95.5,0.96,3.82,0.85,7.37,0.51,91.3,8.12,1.31,4.57,3.77,44.9,40,29.1,46.6,41.7,21.6,22.1,5.59,16.4,21.4,28.8,3.8,17.3,6.07
Atf3_aC9,Atf3 c2,Atf3 KO Clone 2,Atf3 KO c2,Atf3 KO,Differentiation 3,diff. 3,Diff. 3,17.9,27,17,38.2,45.4,34.1,14.4,29.4,13.6,42.6,2.05,43.3,31.6,0.22,0.26,2.37,97.1,0.51,2.46,1.24,7.17,0.71,90.9,8.39,1.95,5.47,3.07,56.5,50.2,36.7,57.1,54.6,12.4,19.3,5.59,13.7,12.9,21.5,3.62,8.51,6.72
Atf3_aD4,Atf3 c3,Atf3 KO Clone 3,Atf3 KO c3,Atf3 KO,Differentiation 3,diff. 3,Diff. 3,18.4,30.6,17.9,33.1,49.7,35.4,15.4,31.7,11.3,41.7,1.58,46.4,30.4,0.15,0.32,4.94,94.6,0.53,4.96,1.65,11.5,0.54,86.3,13.2,2.16,7.7,5.6,40.1,35.9,27.6,41.7,38.2,21.5,32.4,10.3,21.9,22.8,36.5,6.69,14.6,10.8
Atf3_aD8,Atf3 c4,Atf3 KO Clone 4,Atf3 KO c4,Atf3 KO,Differentiation 3,diff. 3,Diff. 3,20,32.2,19.5,28.4,52.8,38.5,17.2,32.6,10.1,40,1.89,49.3,31,0.24,0.35,4,95.4,0.6,4.14,0.92,9.87,0.59,88.6,10.8,1.51,6.07,4.81,41.4,36,25.4,42.6,37.6,26.7,34.5,12.1,22.2,27.6,39.1,8.43,17.9,9.54
Bcl6b_bA12,Bcl6b c1,Bcl6b KO Clone 1,Bcl6b KO c1,Bcl6b KO,Differentiation 3,diff. 3,Diff. 3,16.9,30.8,12.6,39.8,48.2,28.6,21.5,23.4,15.6,39.4,3.38,44.2,40.9,0.22,0.35,4.78,94.6,0.59,4.79,1.01,11.8,0.93,86.3,12.7,1.91,9.79,3.17,24.6,18,7.6,26.8,22.6,23.6,34.4,11.4,22.8,24.3,38.7,7.28,15.4,12.8
Bcl6b_bB7,Bcl6b c2,Bcl6b KO Clone 2,Bcl6b KO c2,Bcl6b KO,Differentiation 3,diff. 3,Diff. 3,21,28.2,20,30.9,49.9,40,16,32.2,10.4,41.4,2,47.7,30,0.26,0.26,4,95.5,0.52,4.11,0.45,8.7,0.62,90.2,9.08,1.07,4.87,4.56,58.8,52.6,39.7,60.3,53.9,17.2,18.4,4.94,13.4,17,23.7,3.02,13.4,5.59
Bcl6b_bC8,Bcl6b c3,Bcl6b KO Clone 3,Bcl6b KO c3,Bcl6b KO,Differentiation 3,diff. 3,Diff. 3,19,32.4,16.1,32.4,52,34.2,16.1,35.4,7.39,41.1,1.77,50.9,26.4,0.56,0.38,3.78,95.3,0.95,4.27,0.49,11.4,0.83,87.2,11.9,1.32,7.85,4.17,36.4,32.3,23.1,38.2,34,30.4,38.8,12,26.7,31.7,44.7,7.42,22.4,10.3
Bcl6b_bC3,Bcl6b c4,Bcl6b KO Clone 4,Bcl6b KO c4,Bcl6b KO,Differentiation 3,diff. 3,Diff. 3,20.7,32.3,19.6,27.4,53.7,39.5,17.4,36.7,8.33,37.6,1.45,53.3,29.1,0.2,0.27,3.27,96.3,0.5,3.29,0.98,9.14,0.44,89.4,10.1,1.39,6.55,3.81,46.2,41.6,30.7,48.1,44.9,22.8,29.2,8.71,20.4,23.6,34.3,5.11,17.5,8.38
NT_ntZA5,NT c1,NT WT Clone 1,NT WT c1,NT WT,Differentiation 3,diff. 3,Diff. 3,12.8,23.5,13.3,50.3,36.8,25.5,12.8,23.7,16.3,47.1,1.83,36.1,33.4,0.23,0.2,4.05,95.5,0.45,4.09,1.07,9.79,0.77,88.4,10.9,1.85,7.39,3.48,41.1,32.8,20.8,44.7,34.4,12.6,14.7,3.44,11.2,11.2,18.4,1.99,9.01,6.4
NT_ntZA3,NT c2,NT WT Clone 2,NT WT c2,NT WT,Differentiation 3,diff. 3,Diff. 3,20.1,30.7,19,30.2,51.4,38,16.5,34.6,9.11,39.9,0.85,50.4,29.1,0.049,0.24,4.46,95.2,0.32,4.39,0.75,10.9,0.62,87.7,11.7,1.37,8.08,3.73,46.2,40.7,29.4,47.8,41.8,23,29.2,9.83,19.2,23.6,33.8,6.39,16.3,8.04
NT_ntZA2,NT c3,NT WT Clone 3,NT WT c3,NT WT,Differentiation 3,diff. 3,Diff. 3,17.3,31.2,15.2,36.3,49.1,31.4,14.7,35.5,8.44,41.4,1.39,49.6,26.3,0.27,0.25,3.97,95.5,0.52,4.02,0.34,10.9,0.5,88.2,11.3,0.84,6.5,4.99,35.5,29.1,17.1,37.6,29,25.5,29.9,7.82,22.1,26.3,37.1,5.32,20.3,9.6
NT_ntTA5,NT c4,NT WT Clone 4,NT WT c4,NT WT,Differentiation 3,diff. 3,Diff. 3,18.9,29.1,10.7,41.3,48.4,28.6,12,37.1,6.97,43.9,1.16,48.7,22.2,1.79,0.81,2.24,95.2,2.71,3.95,1.06,6.91,0,92,7.98,1.06,6.38,1.6,31.3,25.7,16,34.7,28.1,17.1,17.5,4.59,12.8,15.8,21.7,3.21,12.5,4.59
NT_ntTA4,NT c5,NT WT Clone 5,NT WT c5,NT WT,Differentiation 3,diff. 3,Diff. 3,18.6,26.3,15.2,39.9,45.5,32.9,11.7,31.9,11.5,45,1.47,42.9,26.5,0.22,0.4,5.35,94,0.64,5.35,0.59,11,0.52,87.9,11.6,1.12,7.01,4.85,45.4,34.3,19.5,50,32.3,11.4,16.7,4.29,12.4,11.2,19,2.72,8.19,6.38
NT_ntTA1,NT c6,NT WT Clone 6,NT WT c6,NT WT,Differentiation 3,diff. 3,Diff. 3,20.8,28.7,17.4,33.2,49.9,37.3,16.9,33.1,11.6,38.5,1.51,49.3,31.9,0.52,0.37,2.72,96.4,0.91,3.12,0.93,7.85,0.99,90.2,8.74,1.88,6.72,2.16,47,40.1,28.5,48.9,43.8,12.1,17.6,4.39,13.1,12.5,19.9,2.62,9.3,5.96
